name,ingredients
Chicken Fried Rice,"2 cups cooked rice|1 lb chicken breast, diced|2 tbsp soy sauce|1 small onion, chopped|2 cloves garlic, minced|1 egg|2 tbsp vegetable oil|1 cup frozen peas and carrots"
Garlic Butter Chicken,"1 lb chicken breast|4 cloves garlic, minced|3 tbsp butter|1 tsp salt|1/2 tsp black pepper|1 tbsp fresh parsley, chopped"
Chicken and Rice Soup,"1 lb chicken breast|1 cup rice|1 onion, diced|2 cloves garlic, minced|4 cups chicken broth|2 carrots, sliced|2 stalks celery, chopped"
Simple Chicken Stir Fry,"1 lb chicken breast, sliced|1 onion, sliced|2 cloves garlic, minced|1 bell pepper, sliced|2 tbsp soy sauce|1 tbsp vegetable oil|1 tsp ginger"
Spanish Rice with Chicken,"2 cups rice|1 lb chicken thighs|1 onion, chopped|2 cloves garlic, minced|1 can diced tomatoes|1 tsp cumin|1 tsp paprika|2 cups chicken broth"
Classic Chicken Curry,"1 lb chicken breast, cubed|1 onion, diced|3 cloves garlic, minced|1 tbsp ginger, grated|2 tbsp curry powder|1 can coconut milk|2 tbsp vegetable oil|salt to taste"
Garlic Rice,"2 cups cooked rice|4 cloves garlic, minced|2 tbsp butter|1 tbsp soy sauce|1 green onion, chopped"
Onion Garlic Soup,"3 large onions, sliced|4 cloves garlic, minced|4 cups vegetable broth|2 tbsp butter|1 tsp thyme|salt to taste"
Beef and Broccoli,"1 lb beef sirloin, sliced|2 cups broccoli florets|3 cloves garlic, minced|3 tbsp soy sauce|1 tbsp cornstarch|2 tbsp vegetable oil"
Classic Spaghetti Bolognese,"1 lb ground beef|1 onion, diced|3 cloves garlic, minced|1 can crushed tomatoes|1 tsp oregano|8 oz spaghetti|2 tbsp olive oil"
Vegetable Fried Rice,"2 cups cooked rice|1 cup mixed vegetables|2 cloves garlic, minced|1 small onion, chopped|2 tbsp soy sauce|1 egg|2 tbsp vegetable oil"
Tomato Garlic Pasta,"8 oz spaghetti|4 cloves garlic, minced|1 can crushed tomatoes|2 tbsp olive oil|1 tsp basil|salt to taste"
Shrimp Fried Rice,"2 cups cooked rice|1 lb shrimp, peeled|2 cloves garlic, minced|1 small onion, chopped|2 tbsp soy sauce|1 egg|2 tbsp vegetable oil"
Chicken Tacos,"1 lb chicken breast, shredded|1 onion, diced|2 cloves garlic, minced|1 tsp cumin|1 tsp chili powder|8 small tortillas|1 cup lettuce, shredded"
Black Bean Rice Bowl,"2 cups cooked rice|1 can black beans|1 onion, chopped|2 cloves garlic, minced|1 tsp cumin|1 avocado, sliced|lime juice"
Chicken Noodle Soup,"1 lb chicken breast|4 cups chicken broth|2 carrots, sliced|2 stalks celery, chopped|1 onion, diced|8 oz egg noodles"
Garlic Mushroom Rice,"2 cups cooked rice|1 cup mushrooms, sliced|4 cloves garlic, minced|2 tbsp butter|1 tbsp fresh parsley, chopped"
Baked Lemon Chicken,"1 lb chicken breast|1 lemon, juiced|3 cloves garlic, minced|2 tbsp olive oil|1 tsp thyme|salt to taste"
Egg Fried Rice,"2 cups cooked rice|2 eggs|1 green onion, chopped|2 tbsp soy sauce|2 tbsp vegetable oil"
Chicken Quesadillas,"1 lb chicken breast, shredded|2 cups shredded cheese|1 onion, diced|1 bell pepper, sliced|4 large tortillas|1 tbsp vegetable oil"
Classic Chili,"1 lb ground beef|1 can kidney beans|1 can diced tomatoes|1 onion, diced|2 cloves garlic, minced|1 tbsp chili powder|1 tsp cumin"
Garlic Shrimp Pasta,"8 oz spaghetti|1 lb shrimp, peeled|4 cloves garlic, minced|3 tbsp olive oil|1 tbsp fresh parsley, chopped|salt to taste"
Vegetable Curry,"1 onion, diced|3 cloves garlic, minced|1 tbsp ginger, grated|2 cups mixed vegetables|1 can coconut milk|2 tbsp curry powder|2 tbsp vegetable oil"
Beef Tacos,"1 lb ground beef|1 onion, diced|1 tsp cumin|1 tsp chili powder|8 small tortillas|1 cup lettuce, shredded|1 cup shredded cheese"
Mushroom Risotto,"2 cups arborio rice|1 cup mushrooms, sliced|1 onion, diced|3 cloves garlic, minced|4 cups vegetable broth|1/2 cup parmesan cheese|2 tbsp butter"
Pesto Pasta,"8 oz spaghetti|1/2 cup basil pesto|2 tbsp olive oil|1/4 cup parmesan cheese|2 cloves garlic, minced"
Chicken Alfredo,"1 lb chicken breast, sliced|8 oz fettuccine|1 cup heavy cream|1/2 cup parmesan cheese|3 cloves garlic, minced|2 tbsp butter"
Roasted Vegetable Medley,"2 carrots, sliced|1 onion, sliced|1 bell pepper, sliced|2 tbsp olive oil|3 cloves garlic, minced|1 tsp thyme|salt to taste"
Lentil Soup,"1 cup lentils|1 onion, diced|2 carrots, sliced|2 stalks celery, chopped|3 cloves garlic, minced|4 cups vegetable broth|1 tsp cumin"
Chicken Caesar Salad,"1 lb chicken breast, grilled|1 head romaine lettuce, chopped|1/2 cup parmesan cheese|1/2 cup croutons|1/4 cup caesar dressing"
Sambar, "100g Ladyfinger|`100g potato|10g sambar masala| salt| 100 tomato|1 dumpstick|50g malli|200g daal|10g kayam powder"
